{
  "project_info": {
    "project_number": "875975776708",
    "project_id": "listen-57bf4",
    "storage_bucket": "listen-57bf4.appspot.com"
  },
  "client": [
    {
      "client_info": {
        "mobilesdk_app_id": "1:875975776708:android:7f18a6b4bf026ec4756c91",
        "android_client_info": {
          "package_name": "com.listners.listen"
        }
      },
      "oauth_client": [
        {
          "client_id": "875975776708-ijt3clji40b1vkc6h3ohtda4c7gk1v85.apps.googleusercontent.com",
          "client_type": 1,
          "android_info": {
            "package_name": "com.listners.listen",
            "certificate_hash": "fc9aa3cd77643c97bbe7798bfa94a7abacacee22"
          }
        }
      ],
      "api_key": [
        {
          "current_key": "AIzaSyBH--jnHQUTu4hWUV_l9Zv9UZ0P-7Kzhcw"
        }
      ],
      "services": {
        "appinvite_service": {
          "other_platform_oauth_client": []
        }
      }
    }
  ],
  "configuration_version": "1"
}